{
	"textures": {
		"0": "entity/witch",
		"particle": "entity/witch"
	},
	"elements": [
		{
			"name": "Part1",
			"from": [3, 0, 3],
			"to": [13, 2, 13],
			"rotation": {"angle": 0, "axis": "y", "origin": [7.5, 8, 7.5]},
			"faces": {
				"north": {"uv": [2.5, 9.25, 5, 9.5], "texture": "#0"},
				"east": {"uv": [0, 9.25, 2.5, 9.5], "texture": "#0"},
				"south": {"uv": [7.5, 9.25, 10, 9.5], "texture": "#0"},
				"west": {"uv": [5, 9.25, 7.5, 9.5], "texture": "#0"},
				"up": {"uv": [2.5, 8, 5, 9.25], "texture": "#0"},
				"down": {"uv": [5, 8, 7.5, 9.25], "texture": "#0"}
			}
		},
		{
			"name": "Part2",
			"from": [4.5, 2, 4.5],
			"to": [11.5, 6, 11.5],
			"rotation": {"angle": 0, "axis": "y", "origin": [7.5, 8, 7.5]},
			"faces": {
				"north": {"uv": [1.75, 10.375, 3.5, 10.875], "texture": "#0"},
				"east": {"uv": [0, 10.375, 1.75, 10.875], "texture": "#0"},
				"south": {"uv": [5.25, 10.375, 7, 10.875], "texture": "#0"},
				"west": {"uv": [3.5, 10.375, 5.25, 10.875], "texture": "#0"},
				"up": {"uv": [1.75, 9.5, 3.5, 10.375], "texture": "#0"},
				"down": {"uv": [3.5, 9.5, 5.25, 10.375], "texture": "#0"}
			}
		},
		{
			"name": "Part3",
			"from": [6, 6, 6],
			"to": [10, 10, 10],
			"rotation": {"angle": 0, "axis": "y", "origin": [7.5, 8, 7.5]},
			"faces": {
				"north": {"uv": [1, 11.375, 2, 11.875], "texture": "#0"},
				"east": {"uv": [0, 11.375, 1, 11.875], "texture": "#0"},
				"south": {"uv": [3, 11.375, 4, 11.875], "texture": "#0"},
				"west": {"uv": [2, 11.375, 3, 11.875], "texture": "#0"},
				"up": {"uv": [1, 10.875, 2, 11.375], "texture": "#0"},
				"down": {"uv": [2, 10.875, 3, 11.375], "texture": "#0"}
			}
		},
		{
			"name": "Tip",
			"from": [7.5, 9.5, 7.5],
			"to": [8.5, 11.5, 8.5],
			"rotation": {"angle": 22.5, "axis": "x", "origin": [7.5, 9.5, 8.5]},
			"faces": {
				"north": {"uv": [0.25, 12, 0.5, 12.25], "texture": "#0"},
				"east": {"uv": [0, 12, 0.25, 12.25], "texture": "#0"},
				"south": {"uv": [0.75, 12, 1, 12.25], "texture": "#0"},
				"west": {"uv": [0.5, 12, 0.75, 12.25], "texture": "#0"},
				"up": {"uv": [0.25, 11.875, 0.5, 12], "texture": "#0"},
				"down": {"uv": [0.5, 11.875, 0.75, 12], "texture": "#0"}
			}
		}
	],
	"display": {
		"thirdperson_righthand": {
			"rotation": [75, -225, 0],
			"translation": [1, 5, 5],
			"scale": [0.8, 0.8, 0.8]
		},
		"thirdperson_lefthand": {
			"rotation": [75, -225, 0],
			"translation": [1, 5, 5],
			"scale": [0.8, 0.8, 0.8]
		},
		"firstperson_righthand": {
			"rotation": [0, -225, 0],
			"translation": [0, 4, 0],
			"scale": [0.8, 0.8, 0.8]
		},
		"firstperson_lefthand": {
			"rotation": [0, -225, 0],
			"translation": [0, 4, 0],
			"scale": [0.8, 0.8, 0.8]
		},
		"ground": {
			"translation": [0, 5, 0],
			"scale": [0.5, 0.5, 0.5]
		},
		"gui": {
			"rotation": [30, 225, 0],
			"translation": [0, 2.5, 0],
			"scale": [0.825, 0.825, 0.825]
		},
		"head": {
			"translation": [0, 18.5, 0],
			"scale": [1.8, 1.8, 1.8]
		},
		"fixed": {
			"rotation": [0, 0, 0],
			"translation": [0, 4, -2],
			"scale": [1.2, 1.2, 1.2]
		}
	}
}