{
	"textures": {
		"blank": "tcc:block/decorated_pot/nether_brick/side/blank",
		"sherd": "tcc:block/decorated_pot/nether_brick/side/blank",
		"base": "tcc:block/decorated_pot/nether_brick/base",
		"particle": "block/nether_bricks"
	},
	"elements": [
		{
			"from": [1, 0, 1],
			"to": [15, 16, 15],
			"faces": {
				"north": {"uv": [1, 0, 15, 16], "texture": "#sherd"},
				"east": {"uv": [1, 0, 15, 16], "texture": "#blank"},
				"south": {"uv": [1, 0, 15, 16], "texture": "#blank"},
				"west": {"uv": [1, 0, 15, 16], "texture": "#blank"},
				"up": {"uv": [0, 6.5, 7, 13.5], "texture": "#base"},
				"down": {"uv": [7, 6.5, 14, 13.5], "texture": "#base"}
			}
		},
		{
			"from": [4, 16.90, 4],
			"to": [12, 19.90, 12],
			"faces": {
				"north": {"uv": [0, 4, 4, 5.5], "texture": "#base"},
				"east": {"uv": [4, 4, 8, 5.5], "texture": "#base"},
				"south": {"uv": [8, 4, 12, 5.5], "texture": "#base"},
				"west": {"uv": [12, 4, 16, 5.5], "texture": "#base"},
				"up": {"uv": [4, 0, 8, 4], "texture": "#base"},
				"down": {"uv": [8, 0, 12, 4], "texture": "#base"}
			}
		},
		{
			"from": [4.75, 15.75, 4.75],
			"to": [11.25, 17.25, 11.25],
			"faces": {
				"north": {"uv": [0, 5.5, 3, 6], "texture": "#base"},
				"east": {"uv": [3, 5.5, 6, 6], "texture": "#base"},
				"south": {"uv": [6, 5.5, 9, 6], "texture": "#base"},
				"west": {"uv": [9, 5.5, 12, 6], "texture": "#base"}
			}
		}
	],
	"display": {
			"thirdperson_righthand": {
					"rotation": [ 0, 90, 0 ],
					"translation": [ 0, 2, 0.5],
					"scale":[ 0.375, 0.375, 0.375]
			},
			"firstperson_righthand": {
					"rotation": [ 0, 90, 0 ],
					"translation": [ 0, 0, 0],
					"scale":[ 0.375, 0.375, 0.375]
			},
			"gui": {
					"rotation": [ 30, 45, 0 ],
					"translation": [ 0, 0, 0],
					"scale":[ 0.60, 0.60, 0.60]
			},
			"ground": {
					"rotation": [ 0, 0, 0 ],
					"translation": [ 0, 1, 0],
					"scale":[ 0.25, 0.25, 0.25]
			},
			"head": {
					"rotation": [ 0, 180, 0 ],
					"translation": [ 0, 16, 0],
					"scale":[ 1.5, 1.5, 1.5 ]
			},
			"fixed": {
					"rotation": [ 0, 180, 0 ],
					"translation": [ 0, 0, 0],
					"scale":[ 0.5, 0.5, 0.5]
			}
	}
}