{
	"credit": "Made with Blockbench",
	"textures": {
		"0": "defusal/smokegrenade",
		"particle": "defusal/smokegrenade"
	},
	"elements": [
		{
			"name": "smokegrenade_0",
			"from": [7.75, 12.75, 0],
			"to": [8.5, 15.5, 0.25],
			"faces": {
				"north": {"uv": [8.5, 0.5, 7.75, 3.25], "texture": "#0"},
				"east": {"uv": [8.25, 0.5, 8.5, 3.25], "texture": "#0"},
				"south": {"uv": [7.75, 0.5, 8.5, 3.25], "texture": "#0"},
				"west": {"uv": [7.75, 0.5, 8, 3.25], "texture": "#0"},
				"up": {"uv": [7.75, 0.5, 8.5, 0.75], "texture": "#0"},
				"down": {"uv": [7.75, 3, 8.5, 3.25], "texture": "#0"}
			}
		},
		{
			"name": "smokegrenade_1",
			"from": [7.25, 12.75, 0],
			"to": [7.75, 15.25, 0.25],
			"faces": {
				"north": {"uv": [7.75, 0.75, 7.25, 3.25], "texture": "#0"},
				"east": {"uv": [7.5, 0.75, 7.75, 3.25], "texture": "#0"},
				"south": {"uv": [7.25, 0.75, 7.75, 3.25], "texture": "#0"},
				"west": {"uv": [7.25, 0.75, 7.5, 3.25], "texture": "#0"},
				"up": {"uv": [7.25, 0.75, 7.75, 1], "texture": "#0"},
				"down": {"uv": [7.25, 3, 7.75, 3.25], "texture": "#0"}
			}
		},
		{
			"name": "smokegrenade_2",
			"from": [8.5, 12.5, 0],
			"to": [9, 15.25, 0.25],
			"faces": {
				"north": {"uv": [9, 0.75, 8.5, 3.5], "texture": "#0"},
				"east": {"uv": [8.75, 0.75, 9, 3.5], "texture": "#0"},
				"south": {"uv": [8.5, 0.75, 9, 3.5], "texture": "#0"},
				"west": {"uv": [8.5, 0.75, 8.75, 3.5], "texture": "#0"},
				"up": {"uv": [8.5, 0.75, 9, 1], "texture": "#0"},
				"down": {"uv": [8.5, 3.25, 9, 3.5], "texture": "#0"}
			}
		},
		{
			"name": "smokegrenade_3",
			"from": [7, 12.75, 0],
			"to": [7.25, 15, 0.25],
			"faces": {
				"north": {"uv": [7.25, 1, 7, 3.25], "texture": "#0"},
				"east": {"uv": [7, 1, 7.25, 3.25], "texture": "#0"},
				"south": {"uv": [7, 1, 7.25, 3.25], "texture": "#0"},
				"west": {"uv": [7, 1, 7.25, 3.25], "texture": "#0"},
				"up": {"uv": [7, 1, 7.25, 1.25], "texture": "#0"},
				"down": {"uv": [7, 3, 7.25, 3.25], "texture": "#0"}
			}
		},
		{
			"name": "smokegrenade_4",
			"from": [9, 13.75, 0],
			"to": [10, 15, 0.25],
			"faces": {
				"north": {"uv": [10, 1, 9, 2.25], "texture": "#0"},
				"east": {"uv": [9.75, 1, 10, 2.25], "texture": "#0"},
				"south": {"uv": [9, 1, 10, 2.25], "texture": "#0"},
				"west": {"uv": [9, 1, 9.25, 2.25], "texture": "#0"},
				"up": {"uv": [9, 1, 10, 1.25], "texture": "#0"},
				"down": {"uv": [9, 2, 10, 2.25], "texture": "#0"}
			}
		},
		{
			"name": "smokegrenade_5",
			"from": [10, 14, 0],
			"to": [10.75, 14.5, 0.25],
			"faces": {
				"north": {"uv": [10.75, 1.5, 10, 2], "texture": "#0"},
				"east": {"uv": [10.5, 1.5, 10.75, 2], "texture": "#0"},
				"south": {"uv": [10, 1.5, 10.75, 2], "texture": "#0"},
				"west": {"uv": [10, 1.5, 10.25, 2], "texture": "#0"},
				"up": {"uv": [10, 1.5, 10.75, 1.75], "texture": "#0"},
				"down": {"uv": [10, 1.75, 10.75, 2], "texture": "#0"}
			}
		},
		{
			"name": "smokegrenade_6",
			"from": [6.75, 12.75, 0],
			"to": [7, 14.25, 0.25],
			"faces": {
				"north": {"uv": [7, 1.75, 6.75, 3.25], "texture": "#0"},
				"east": {"uv": [6.75, 1.75, 7, 3.25], "texture": "#0"},
				"south": {"uv": [6.75, 1.75, 7, 3.25], "texture": "#0"},
				"west": {"uv": [6.75, 1.75, 7, 3.25], "texture": "#0"},
				"up": {"uv": [6.75, 1.75, 7, 2], "texture": "#0"},
				"down": {"uv": [6.75, 3, 7, 3.25], "texture": "#0"}
			}
		},
		{
			"name": "smokegrenade_7",
			"from": [6.5, 0.75, 0],
			"to": [6.75, 14, 0.25],
			"faces": {
				"north": {"uv": [6.75, 2, 6.5, 15.25], "texture": "#0"},
				"east": {"uv": [6.5, 2, 6.75, 15.25], "texture": "#0"},
				"south": {"uv": [6.5, 2, 6.75, 15.25], "texture": "#0"},
				"west": {"uv": [6.5, 2, 6.75, 15.25], "texture": "#0"},
				"up": {"uv": [6.5, 2, 6.75, 2.25], "texture": "#0"},
				"down": {"uv": [6.5, 15, 6.75, 15.25], "texture": "#0"}
			}
		},
		{
			"name": "smokegrenade_8",
			"from": [9, 13.25, 0],
			"to": [9.75, 13.75, 0.25],
			"faces": {
				"north": {"uv": [9.75, 2.25, 9, 2.75], "texture": "#0"},
				"east": {"uv": [9.5, 2.25, 9.75, 2.75], "texture": "#0"},
				"south": {"uv": [9, 2.25, 9.75, 2.75], "texture": "#0"},
				"west": {"uv": [9, 2.25, 9.25, 2.75], "texture": "#0"},
				"up": {"uv": [9, 2.25, 9.75, 2.5], "texture": "#0"},
				"down": {"uv": [9, 2.5, 9.75, 2.75], "texture": "#0"}
			}
		},
		{
			"name": "smokegrenade_9",
			"from": [6.25, 0.75, 0],
			"to": [6.5, 13.5, 0.25],
			"faces": {
				"north": {"uv": [6.5, 2.5, 6.25, 15.25], "texture": "#0"},
				"east": {"uv": [6.25, 2.5, 6.5, 15.25], "texture": "#0"},
				"south": {"uv": [6.25, 2.5, 6.5, 15.25], "texture": "#0"},
				"west": {"uv": [6.25, 2.5, 6.5, 15.25], "texture": "#0"},
				"up": {"uv": [6.25, 2.5, 6.5, 2.75], "texture": "#0"},
				"down": {"uv": [6.25, 15, 6.5, 15.25], "texture": "#0"}
			}
		},
		{
			"name": "smokegrenade_10",
			"from": [9, 12.5, 0],
			"to": [9.5, 13.25, 0.25],
			"faces": {
				"north": {"uv": [9.5, 2.75, 9, 3.5], "texture": "#0"},
				"east": {"uv": [9.25, 2.75, 9.5, 3.5], "texture": "#0"},
				"south": {"uv": [9, 2.75, 9.5, 3.5], "texture": "#0"},
				"west": {"uv": [9, 2.75, 9.25, 3.5], "texture": "#0"},
				"up": {"uv": [9, 2.75, 9.5, 3], "texture": "#0"},
				"down": {"uv": [9, 3.25, 9.5, 3.5], "texture": "#0"}
			}
		},
		{
			"name": "smokegrenade_11",
			"from": [6, 0.75, 0],
			"to": [6.25, 13, 0.25],
			"faces": {
				"north": {"uv": [6.25, 3, 6, 15.25], "texture": "#0"},
				"east": {"uv": [6, 3, 6.25, 15.25], "texture": "#0"},
				"south": {"uv": [6, 3, 6.25, 15.25], "texture": "#0"},
				"west": {"uv": [6, 3, 6.25, 15.25], "texture": "#0"},
				"up": {"uv": [6, 3, 6.25, 3.25], "texture": "#0"},
				"down": {"uv": [6, 15, 6.25, 15.25], "texture": "#0"}
			}
		},
		{
			"name": "smokegrenade_12",
			"from": [8, 0.5, 0],
			"to": [8.5, 12.75, 0.25],
			"faces": {
				"north": {"uv": [8.5, 3.25, 8, 15.5], "texture": "#0"},
				"east": {"uv": [8.25, 3.25, 8.5, 15.5], "texture": "#0"},
				"south": {"uv": [8, 3.25, 8.5, 15.5], "texture": "#0"},
				"west": {"uv": [8, 3.25, 8.25, 15.5], "texture": "#0"},
				"up": {"uv": [8, 3.25, 8.5, 3.5], "texture": "#0"},
				"down": {"uv": [8, 15.25, 8.5, 15.5], "texture": "#0"}
			}
		},
		{
			"name": "smokegrenade_13",
			"from": [8.5, 0.5, 0],
			"to": [8.75, 12.5, 0.25],
			"faces": {
				"north": {"uv": [8.75, 3.5, 8.5, 15.5], "texture": "#0"},
				"east": {"uv": [8.5, 3.5, 8.75, 15.5], "texture": "#0"},
				"south": {"uv": [8.5, 3.5, 8.75, 15.5], "texture": "#0"},
				"west": {"uv": [8.5, 3.5, 8.75, 15.5], "texture": "#0"},
				"up": {"uv": [8.5, 3.5, 8.75, 3.75], "texture": "#0"},
				"down": {"uv": [8.5, 15.25, 8.75, 15.5], "texture": "#0"}
			}
		},
		{
			"name": "smokegrenade_14",
			"from": [9.25, 12.25, 0],
			"to": [9.5, 12.5, 0.25],
			"faces": {
				"north": {"uv": [9.5, 3.5, 9.25, 3.75], "texture": "#0"},
				"east": {"uv": [9.25, 3.5, 9.5, 3.75], "texture": "#0"},
				"south": {"uv": [9.25, 3.5, 9.5, 3.75], "texture": "#0"},
				"west": {"uv": [9.25, 3.5, 9.5, 3.75], "texture": "#0"},
				"up": {"uv": [9.25, 3.5, 9.5, 3.75], "texture": "#0"},
				"down": {"uv": [9.25, 3.5, 9.5, 3.75], "texture": "#0"}
			}
		},
		{
			"name": "smokegrenade_15",
			"from": [5.75, 0.75, 0],
			"to": [6, 12.25, 0.25],
			"faces": {
				"north": {"uv": [6, 3.75, 5.75, 15.25], "texture": "#0"},
				"east": {"uv": [5.75, 3.75, 6, 15.25], "texture": "#0"},
				"south": {"uv": [5.75, 3.75, 6, 15.25], "texture": "#0"},
				"west": {"uv": [5.75, 3.75, 6, 15.25], "texture": "#0"},
				"up": {"uv": [5.75, 3.75, 6, 4], "texture": "#0"},
				"down": {"uv": [5.75, 15, 6, 15.25], "texture": "#0"}
			}
		},
		{
			"name": "smokegrenade_16",
			"from": [6.75, 0.75, 0],
			"to": [8, 12.25, 0.25],
			"faces": {
				"north": {"uv": [8, 3.75, 6.75, 15.25], "texture": "#0"},
				"east": {"uv": [7.75, 3.75, 8, 15.25], "texture": "#0"},
				"south": {"uv": [6.75, 3.75, 8, 15.25], "texture": "#0"},
				"west": {"uv": [6.75, 3.75, 7, 15.25], "texture": "#0"},
				"up": {"uv": [6.75, 3.75, 8, 4], "texture": "#0"},
				"down": {"uv": [6.75, 15, 8, 15.25], "texture": "#0"}
			}
		},
		{
			"name": "smokegrenade_17",
			"from": [8.75, 0.75, 0],
			"to": [9.75, 12, 0.25],
			"faces": {
				"north": {"uv": [9.75, 4, 8.75, 15.25], "texture": "#0"},
				"east": {"uv": [9.5, 4, 9.75, 15.25], "texture": "#0"},
				"south": {"uv": [8.75, 4, 9.75, 15.25], "texture": "#0"},
				"west": {"uv": [8.75, 4, 9, 15.25], "texture": "#0"},
				"up": {"uv": [8.75, 4, 9.75, 4.25], "texture": "#0"},
				"down": {"uv": [8.75, 15, 9.75, 15.25], "texture": "#0"}
			}
		},
		{
			"name": "smokegrenade_18",
			"from": [9.75, 4, 0],
			"to": [10.25, 11.75, 0.25],
			"faces": {
				"north": {"uv": [10.25, 4.25, 9.75, 12], "texture": "#0"},
				"east": {"uv": [10, 4.25, 10.25, 12], "texture": "#0"},
				"south": {"uv": [9.75, 4.25, 10.25, 12], "texture": "#0"},
				"west": {"uv": [9.75, 4.25, 10, 12], "texture": "#0"},
				"up": {"uv": [9.75, 4.25, 10.25, 4.5], "texture": "#0"},
				"down": {"uv": [9.75, 11.75, 10.25, 12], "texture": "#0"}
			}
		},
		{
			"name": "smokegrenade_19",
			"from": [10.25, 9.5, 0],
			"to": [11.25, 11.5, 0.25],
			"faces": {
				"north": {"uv": [11.25, 4.5, 10.25, 6.5], "texture": "#0"},
				"east": {"uv": [11, 4.5, 11.25, 6.5], "texture": "#0"},
				"south": {"uv": [10.25, 4.5, 11.25, 6.5], "texture": "#0"},
				"west": {"uv": [10.25, 4.5, 10.5, 6.5], "texture": "#0"},
				"up": {"uv": [10.25, 4.5, 11.25, 4.75], "texture": "#0"},
				"down": {"uv": [10.25, 6.25, 11.25, 6.5], "texture": "#0"}
			}
		},
		{
			"name": "smokegrenade_20",
			"from": [5.5, 1, 0],
			"to": [5.75, 11.25, 0.25],
			"faces": {
				"north": {"uv": [5.75, 4.75, 5.5, 15], "texture": "#0"},
				"east": {"uv": [5.5, 4.75, 5.75, 15], "texture": "#0"},
				"south": {"uv": [5.5, 4.75, 5.75, 15], "texture": "#0"},
				"west": {"uv": [5.5, 4.75, 5.75, 15], "texture": "#0"},
				"up": {"uv": [5.5, 4.75, 5.75, 5], "texture": "#0"},
				"down": {"uv": [5.5, 14.75, 5.75, 15], "texture": "#0"}
			}
		},
		{
			"name": "smokegrenade_21",
			"from": [11.25, 11, 0],
			"to": [11.5, 11.25, 0.25],
			"faces": {
				"north": {"uv": [11.5, 4.75, 11.25, 5], "texture": "#0"},
				"east": {"uv": [11.25, 4.75, 11.5, 5], "texture": "#0"},
				"south": {"uv": [11.25, 4.75, 11.5, 5], "texture": "#0"},
				"west": {"uv": [11.25, 4.75, 11.5, 5], "texture": "#0"},
				"up": {"uv": [11.25, 4.75, 11.5, 5], "texture": "#0"},
				"down": {"uv": [11.25, 4.75, 11.5, 5], "texture": "#0"}
			}
		},
		{
			"name": "smokegrenade_22",
			"from": [5.25, 1, 0],
			"to": [5.5, 10.75, 0.25],
			"faces": {
				"north": {"uv": [5.5, 5.25, 5.25, 15], "texture": "#0"},
				"east": {"uv": [5.25, 5.25, 5.5, 15], "texture": "#0"},
				"south": {"uv": [5.25, 5.25, 5.5, 15], "texture": "#0"},
				"west": {"uv": [5.25, 5.25, 5.5, 15], "texture": "#0"},
				"up": {"uv": [5.25, 5.25, 5.5, 5.5], "texture": "#0"},
				"down": {"uv": [5.25, 14.75, 5.5, 15], "texture": "#0"}
			}
		},
		{
			"name": "smokegrenade_23",
			"from": [10.25, 7.75, 0],
			"to": [11, 9.5, 0.25],
			"faces": {
				"north": {"uv": [11, 6.5, 10.25, 8.25], "texture": "#0"},
				"east": {"uv": [10.75, 6.5, 11, 8.25], "texture": "#0"},
				"south": {"uv": [10.25, 6.5, 11, 8.25], "texture": "#0"},
				"west": {"uv": [10.25, 6.5, 10.5, 8.25], "texture": "#0"},
				"up": {"uv": [10.25, 6.5, 11, 6.75], "texture": "#0"},
				"down": {"uv": [10.25, 8, 11, 8.25], "texture": "#0"}
			}
		},
		{
			"name": "smokegrenade_24",
			"from": [5, 1, 0],
			"to": [5.25, 9, 0.25],
			"faces": {
				"north": {"uv": [5.25, 7, 5, 15], "texture": "#0"},
				"east": {"uv": [5, 7, 5.25, 15], "texture": "#0"},
				"south": {"uv": [5, 7, 5.25, 15], "texture": "#0"},
				"west": {"uv": [5, 7, 5.25, 15], "texture": "#0"},
				"up": {"uv": [5, 7, 5.25, 7.25], "texture": "#0"},
				"down": {"uv": [5, 14.75, 5.25, 15], "texture": "#0"}
			}
		},
		{
			"name": "smokegrenade_25",
			"from": [10.25, 6.25, 0],
			"to": [10.75, 7.75, 0.25],
			"faces": {
				"north": {"uv": [10.75, 8.25, 10.25, 9.75], "texture": "#0"},
				"east": {"uv": [10.5, 8.25, 10.75, 9.75], "texture": "#0"},
				"south": {"uv": [10.25, 8.25, 10.75, 9.75], "texture": "#0"},
				"west": {"uv": [10.25, 8.25, 10.5, 9.75], "texture": "#0"},
				"up": {"uv": [10.25, 8.25, 10.75, 8.5], "texture": "#0"},
				"down": {"uv": [10.25, 9.5, 10.75, 9.75], "texture": "#0"}
			}
		},
		{
			"name": "smokegrenade_26",
			"from": [4.75, 1, 0],
			"to": [5, 7.5, 0.25],
			"faces": {
				"north": {"uv": [5, 8.5, 4.75, 15], "texture": "#0"},
				"east": {"uv": [4.75, 8.5, 5, 15], "texture": "#0"},
				"south": {"uv": [4.75, 8.5, 5, 15], "texture": "#0"},
				"west": {"uv": [4.75, 8.5, 5, 15], "texture": "#0"},
				"up": {"uv": [4.75, 8.5, 5, 8.75], "texture": "#0"},
				"down": {"uv": [4.75, 14.75, 5, 15], "texture": "#0"}
			}
		},
		{
			"name": "smokegrenade_27",
			"from": [4.5, 3.75, 0],
			"to": [4.75, 6.25, 0.25],
			"faces": {
				"north": {"uv": [4.75, 9.75, 4.5, 12.25], "texture": "#0"},
				"east": {"uv": [4.5, 9.75, 4.75, 12.25], "texture": "#0"},
				"south": {"uv": [4.5, 9.75, 4.75, 12.25], "texture": "#0"},
				"west": {"uv": [4.5, 9.75, 4.75, 12.25], "texture": "#0"},
				"up": {"uv": [4.5, 9.75, 4.75, 10], "texture": "#0"},
				"down": {"uv": [4.5, 12, 4.75, 12.25], "texture": "#0"}
			}
		},
		{
			"name": "smokegrenade_28",
			"from": [10.25, 5.5, 0],
			"to": [10.5, 6.25, 0.25],
			"faces": {
				"north": {"uv": [10.5, 9.75, 10.25, 10.5], "texture": "#0"},
				"east": {"uv": [10.25, 9.75, 10.5, 10.5], "texture": "#0"},
				"south": {"uv": [10.25, 9.75, 10.5, 10.5], "texture": "#0"},
				"west": {"uv": [10.25, 9.75, 10.5, 10.5], "texture": "#0"},
				"up": {"uv": [10.25, 9.75, 10.5, 10], "texture": "#0"},
				"down": {"uv": [10.25, 10.25, 10.5, 10.5], "texture": "#0"}
			}
		},
		{
			"name": "smokegrenade_29",
			"from": [4.25, 4, 0],
			"to": [4.5, 4.75, 0.25],
			"faces": {
				"north": {"uv": [4.5, 11.25, 4.25, 12], "texture": "#0"},
				"east": {"uv": [4.25, 11.25, 4.5, 12], "texture": "#0"},
				"south": {"uv": [4.25, 11.25, 4.5, 12], "texture": "#0"},
				"west": {"uv": [4.25, 11.25, 4.5, 12], "texture": "#0"},
				"up": {"uv": [4.25, 11.25, 4.5, 11.5], "texture": "#0"},
				"down": {"uv": [4.25, 11.75, 4.5, 12], "texture": "#0"}
			}
		},
		{
			"name": "smokegrenade_30",
			"from": [9.75, 2.5, 0],
			"to": [10, 4, 0.25],
			"faces": {
				"north": {"uv": [10, 12, 9.75, 13.5], "texture": "#0"},
				"east": {"uv": [9.75, 12, 10, 13.5], "texture": "#0"},
				"south": {"uv": [9.75, 12, 10, 13.5], "texture": "#0"},
				"west": {"uv": [9.75, 12, 10, 13.5], "texture": "#0"},
				"up": {"uv": [9.75, 12, 10, 12.25], "texture": "#0"},
				"down": {"uv": [9.75, 13.25, 10, 13.5], "texture": "#0"}
			}
		},
		{
			"name": "smokegrenade_31",
			"from": [4.5, 1.25, 0],
			"to": [4.75, 2, 0.25],
			"faces": {
				"north": {"uv": [4.75, 14, 4.5, 14.75], "texture": "#0"},
				"east": {"uv": [4.5, 14, 4.75, 14.75], "texture": "#0"},
				"south": {"uv": [4.5, 14, 4.75, 14.75], "texture": "#0"},
				"west": {"uv": [4.5, 14, 4.75, 14.75], "texture": "#0"},
				"up": {"uv": [4.5, 14, 4.75, 14.25], "texture": "#0"},
				"down": {"uv": [4.5, 14.5, 4.75, 14.75], "texture": "#0"}
			}
		},
		{
			"name": "smokegrenade_32",
			"from": [7, 0.5, 0],
			"to": [8, 0.75, 0.25],
			"faces": {
				"north": {"uv": [8, 15.25, 7, 15.5], "texture": "#0"},
				"east": {"uv": [7.75, 15.25, 8, 15.5], "texture": "#0"},
				"south": {"uv": [7, 15.25, 8, 15.5], "texture": "#0"},
				"west": {"uv": [7, 15.25, 7.25, 15.5], "texture": "#0"},
				"up": {"uv": [7, 15.25, 8, 15.5], "texture": "#0"},
				"down": {"uv": [7, 15.25, 8, 15.5], "texture": "#0"}
			}
		},
		{
			"name": "smokegrenade_33",
			"from": [8.75, 0.5, 0],
			"to": [9.5, 0.75, 0.25],
			"faces": {
				"north": {"uv": [9.5, 15.25, 8.75, 15.5], "texture": "#0"},
				"east": {"uv": [9.25, 15.25, 9.5, 15.5], "texture": "#0"},
				"south": {"uv": [8.75, 15.25, 9.5, 15.5], "texture": "#0"},
				"west": {"uv": [8.75, 15.25, 9, 15.5], "texture": "#0"},
				"up": {"uv": [8.75, 15.25, 9.5, 15.5], "texture": "#0"},
				"down": {"uv": [8.75, 15.25, 9.5, 15.5], "texture": "#0"}
			}
		},
		{
			"name": "smokegrenade_34",
			"from": [9.25, 0.25, 0],
			"to": [9.5, 0.5, 0.25],
			"faces": {
				"north": {"uv": [9.5, 15.5, 9.25, 15.75], "texture": "#0"},
				"east": {"uv": [9.25, 15.5, 9.5, 15.75], "texture": "#0"},
				"south": {"uv": [9.25, 15.5, 9.5, 15.75], "texture": "#0"},
				"west": {"uv": [9.25, 15.5, 9.5, 15.75], "texture": "#0"},
				"up": {"uv": [9.25, 15.5, 9.5, 15.75], "texture": "#0"},
				"down": {"uv": [9.25, 15.5, 9.5, 15.75], "texture": "#0"}
			}
		}
	],
	"gui_light": "front",
	"display": {
		"thirdperson_righthand": {
			"translation": [0, 1.5, 4.5],
			"scale": [0.5, 0.5, 0.5]
		},
		"thirdperson_lefthand": {
			"translation": [0, 2.25, 4.25],
			"scale": [0.5, 0.5, 0.5]
		},
		"firstperson_righthand": {
			"translation": [4.75, 0, 2.75]
		},
		"firstperson_lefthand": {
			"translation": [5.75, 0, 3]
		},
		"ground": {
			"translation": [0, 0, 4.25],
			"scale": [0.5, 0.5, 0.5]
		},
		"gui": {
			"rotation": [0, 0, -32]
		},
		"fixed": {
			"translation": [0, 0, 8.75]
		}
	},
	"groups": [
		{
			"name": "smokegrenade",
			"origin": [8, 8, 8],
			"color": 0,
			"children": [0, 1, 2, 3, 4, 5, 6, 7, 8, 9, 10, 11, 12, 13, 14, 15, 16, 17, 18, 19, 20, 21, 22, 23, 24, 25, 26, 27, 28, 29, 30, 31, 32, 33, 34]
		}
	]
}